drug_group,rnk,reaction_pt,n_reports,pct_of_drug_reports
dapagliflozin,1,DEATH,6634,22.7
dapagliflozin,2,DIZZINESS,1143,3.9
dapagliflozin,3,FATIGUE,1086,3.7
dapagliflozin,4,NAUSEA,1028,3.5
dapagliflozin,5,ACUTE KIDNEY INJURY,999,3.4
dapagliflozin,6,DYSPNOEA,980,3.3
dapagliflozin,7,BLOOD GLUCOSE INCREASED,943,3.2
dapagliflozin,8,DIARRHOEA,938,3.2
dapagliflozin,9,WEIGHT DECREASED,894,3.1
dapagliflozin,10,DEHYDRATION,873,3.0
dulaglutide,1,INJECTION SITE PAIN,6572,13.5
dulaglutide,2,BLOOD GLUCOSE INCREASED,5984,12.3
dulaglutide,3,NAUSEA,5245,10.8
dulaglutide,4,INCORRECT DOSE ADMINISTERED,4235,8.7
dulaglutide,5,DIARRHOEA,3202,6.6
dulaglutide,6,VOMITING,3150,6.5
dulaglutide,7,INAPPROPRIATE SCHEDULE OF PRODUCT ADMINISTRATION,3111,6.4
dulaglutide,8,EXTRA DOSE ADMINISTERED,2726,5.6
dulaglutide,9,DRUG INEFFECTIVE,2321,4.8
dulaglutide,10,GLYCOSYLATED HAEMOGLOBIN INCREASED,1991,4.1
empagliflozin,1,DIABETIC KETOACIDOSIS,2083,7.4
empagliflozin,2,EUGLYCAEMIC DIABETIC KETOACIDOSIS,1596,5.7
empagliflozin,3,BLOOD GLUCOSE INCREASED,1552,5.5
empagliflozin,4,FUNGAL INFECTION,1361,4.9
empagliflozin,5,WEIGHT DECREASED,1204,4.3
empagliflozin,6,URINARY TRACT INFECTION,1106,3.9
empagliflozin,7,NAUSEA,964,3.4
empagliflozin,8,DIZZINESS,923,3.3
empagliflozin,9,FOURNIER^S GANGRENE,900,3.2
empagliflozin,10,VOMITING,865,3.1
exenatide,1,BLOOD GLUCOSE INCREASED,123,14.5
exenatide,2,DEVICE LEAKAGE,115,13.5
exenatide,3,INCORRECT DOSE ADMINISTERED BY DEVICE,112,13.2
exenatide,4,WEIGHT DECREASED,99,11.7
exenatide,5,WRONG TECHNIQUE IN DEVICE USAGE PROCESS,82,9.7
exenatide,6,DEVICE MALFUNCTION,80,9.4
exenatide,7,DEVICE ISSUE,79,9.3
exenatide,8,NAUSEA,78,9.2
exenatide,9,PRODUCT DOSE OMISSION ISSUE,74,8.7
exenatide,10,INJECTION SITE HAEMORRHAGE,73,8.6
insulin glargine,1,BLOOD GLUCOSE INCREASED,8633,15.1
insulin glargine,2,OFF LABEL USE,7326,12.8
insulin glargine,3,INAPPROPRIATE SCHEDULE OF PRODUCT ADMINISTRATION,7291,12.7
insulin glargine,4,PRODUCT STORAGE ERROR,7073,12.4
insulin glargine,5,VISUAL IMPAIRMENT,3540,6.2
insulin glargine,6,DRUG INEFFECTIVE,2218,3.9
insulin glargine,7,INCORRECT DOSE ADMINISTERED,2207,3.9
insulin glargine,8,BLOOD GLUCOSE DECREASED,1933,3.4
insulin glargine,9,INJECTION SITE PAIN,1729,3.0
insulin glargine,10,PRODUCT DOSE OMISSION ISSUE,1681,2.9
liraglutide,1,NAUSEA,1147,13.0
liraglutide,2,VOMITING,806,9.1
liraglutide,3,DIARRHOEA,606,6.9
liraglutide,4,BLOOD GLUCOSE INCREASED,444,5.0
liraglutide,5,OFF LABEL USE,433,4.9
liraglutide,6,CONSTIPATION,384,4.4
liraglutide,7,DECREASED APPETITE,372,4.2
liraglutide,8,WEIGHT INCREASED,355,4.0
liraglutide,9,ABDOMINAL PAIN,330,3.7
liraglutide,10,ABDOMINAL PAIN UPPER,295,3.3
metformin,1,LACTIC ACIDOSIS,8762,18.2
metformin,2,ACUTE KIDNEY INJURY,5641,11.7
metformin,3,DIARRHOEA,3958,8.2
metformin,4,TOXICITY TO VARIOUS AGENTS,3137,6.5
metformin,5,METABOLIC ACIDOSIS,3107,6.4
metformin,6,DRUG INEFFECTIVE,3082,6.4
metformin,7,NAUSEA,2703,5.6
metformin,8,VOMITING,2496,5.2
metformin,9,HYPOGLYCAEMIA,2041,4.2
metformin,10,FATIGUE,1919,4.0
naltrexone/bupropion,1,NAUSEA,1214,24.3
naltrexone/bupropion,2,HEADACHE,730,14.6
naltrexone/bupropion,3,DIZZINESS,674,13.5
naltrexone/bupropion,4,CONSTIPATION,443,8.9
naltrexone/bupropion,5,VOMITING,396,7.9
naltrexone/bupropion,6,FATIGUE,367,7.4
naltrexone/bupropion,7,FEELING ABNORMAL,345,6.9
naltrexone/bupropion,8,PATIENT DISSATISFACTION WITH TREATMENT,332,6.7
naltrexone/bupropion,9,ILLNESS,322,6.5
naltrexone/bupropion,10,DRUG TITRATION ERROR,289,5.8
orlistat,1,DRUG INEFFECTIVE,686,36.1
orlistat,2,DIARRHOEA,167,8.8
orlistat,3,PRODUCT COMPLAINT,152,8.0
orlistat,4,ABDOMINAL PAIN UPPER,126,6.6
orlistat,5,STEATORRHOEA,113,5.9
orlistat,6,WEIGHT INCREASED,90,4.7
orlistat,7,FLATULENCE,76,4.0
orlistat,8,ILLNESS,75,3.9
orlistat,9,ABDOMINAL DISCOMFORT,73,3.8
orlistat,10,SUSPECTED COUNTERFEIT PRODUCT,68,3.6
phentermine,1,HEADACHE,241,5.1
phentermine,2,WEIGHT INCREASED,200,4.2
phentermine,3,INAPPROPRIATE SCHEDULE OF PRODUCT ADMINISTRATION,188,4.0
phentermine,4,INSOMNIA,184,3.9
phentermine,5,PARAESTHESIA,172,3.6
phentermine,6,DRY MOUTH,162,3.4
phentermine,7,DIZZINESS,159,3.4
phentermine,8,PRODUCT DOSE OMISSION ISSUE,144,3.0
phentermine,9,NAUSEA,143,3.0
phentermine,10,ANXIETY,141,3.0
semaglutide,1,NAUSEA,7906,17.3
semaglutide,2,OFF LABEL USE,5193,11.3
semaglutide,3,VOMITING,5148,11.2
semaglutide,4,DIARRHOEA,4580,10.0
semaglutide,5,DECREASED APPETITE,3901,8.5
semaglutide,6,CONSTIPATION,3640,7.9
semaglutide,7,WEIGHT DECREASED,3139,6.9
semaglutide,8,IMPAIRED GASTRIC EMPTYING,2506,5.5
semaglutide,9,PRODUCT USE IN UNAPPROVED INDICATION,2496,5.4
semaglutide,10,ABDOMINAL PAIN UPPER,2277,5.0
sitagliptin,1,PRODUCT DOSE OMISSION ISSUE,1560,17.2
sitagliptin,2,NO ADVERSE EVENT,1039,11.5
sitagliptin,3,BLOOD GLUCOSE INCREASED,770,8.5
sitagliptin,4,NAUSEA,519,5.7
sitagliptin,5,DIABETES MELLITUS INADEQUATE CONTROL,459,5.1
sitagliptin,6,PRODUCT USE ISSUE,459,5.1
sitagliptin,7,DRUG INEFFECTIVE,438,4.8
sitagliptin,8,ACUTE KIDNEY INJURY,407,4.5
sitagliptin,9,LACTIC ACIDOSIS,377,4.2
sitagliptin,10,VOMITING,371,4.1
tirzepatide,1,INCORRECT DOSE ADMINISTERED,25879,22.2
tirzepatide,2,INJECTION SITE PAIN,12105,10.4
tirzepatide,3,NAUSEA,11815,10.2
tirzepatide,4,EXTRA DOSE ADMINISTERED,8028,6.9
tirzepatide,5,OFF LABEL USE,7541,6.5
tirzepatide,6,DIARRHOEA,6593,5.7
tirzepatide,7,VOMITING,5610,4.8
tirzepatide,8,INJECTION SITE HAEMORRHAGE,4715,4.1
tirzepatide,9,ACCIDENTAL UNDERDOSE,4438,3.8
tirzepatide,10,INJECTION SITE ERYTHEMA,4258,3.7
